<?xml version="1.0" encoding="UTF-8"?>

<!DOCTYPE mapper PUBLIC "-//mybatis.org//DTD Mapper 3.0//EN" "http://mybatis.org/dtd/mybatis-3-mapper.dtd">
<mapper namespace="com.sp.app.admin.mapper.NoticeManageMapper">
	<insert id="insertNotice" parameterType="map">
		INSERT INTO event_notice (evt_not_num, adminidx, subject, fixed, create_date,
		 <if test=" yesOrno == '1' ">
		 category_num,
		 </if>
		 textcontent) VALUES (SEQ_EVENT_NOTICE.NEXTVAL, #{dto.adminidx},#{dto.subject} ,#{dto.fixed}, SYSDATE, 
		 <if test=" yesOrno == '1' ">
		 #{dto.category_num},
		 </if>
		 #{dto.textcontent} )
	</insert>
	
	<select id="dataCount" resultType="Integer">
		SELECT COUNT(*) FROM event_notice
	</select>
	
	<select id="getList" parameterType="map" resultType="com.sp.app.admin.model.Notice">
		SELECT evt_not_num, nickname,  adminidx, subject, fixed, TO_CHAR(create_date, 'YYYY-MM-DD')create_date, category_num, textcontent 
		FROM event_notice en JOIN member m ON m.memberidx = en.adminidx
		OFFSET #{offset} ROWS FETCH FIRST #{size} ROWS ONLY  
	</select>
	
	<select id="findById" parameterType="Long" resultType="com.sp.app.admin.model.Notice">
	SELECT evt_not_num, adminidx, subject, fixed, TO_CHAR(create_date, 'YYYY-MM-DD')create_date, category_num, textcontent 
	FROM event_notice WHERE evt_not_num = #{num}
	</select>
</mapper>